Workbook

Sheet 2주 스케줄
A1: 웹·앱 만들기 2주 학습 스케줄
A2: 목표: 1주차에 로그인 있는 웹 서비스를 만들고, 2주차에 앱처럼 설치되게 만들어 인터넷에 배포한다.
A4: 시작일 | B4: 46310 | D4: 사용법
A5: 완료한 날 | B5: =COUNTIF(I12:I25,"✓") -> 0 | D5: • 노란 칸(시작일)과 파란 글씨 칸(계획 시간·실제 시간·메모)은 직접 입력하는 칸입니다.
A6: 진행률 | B6: =B5/COUNTA(A12:A25) -> 0 | D6: • 그날 공부를 마치면 "완료" 칸을 눌러 ✓ 를 선택하세요. 완료한 줄은 초록색으로 바뀌고 진행률이 올라갑니다.
A7: 계획 시간 합계 | B7: =SUM(G12:G25) -> 48 | D7: • 요일이 시작일 기준으로 계산되므로 "주말 4.5시간"은 기본값이며, 본인 일정에 맞게 고치세요.
A8: 실제 시간 합계 | B8: =SUM(H12:H25) -> 0 | D8: • 막히면 일정을 미루지 말고 11일차(PWA) 내용을 줄여 13일차 개선에 시간을 쓰세요.
A11: 일차 | B11: 날짜 | C11: 요일 | D11: 주제 | E11: 할 일 | F11: 그날의 결과물 | G11: 계획(시간) | H11: 실제(시간) | I11: 완료 | J11: 메모
A12: 1 | B12: =$B$4+A12-1 -> 46310 | C12: =CHOOSE(WEEKDAY(B12),"일","월","화","수","목","금","토") -> 목 | D12: 기획·환경 | E12: 서비스 주제 정하기, 화면 3~4개를 종이에 스케치, GitHub 저장소 만들기, 가상환경과 Flask 실행 | F12: 스케치와 "Hello Flask" 첫 커밋 | G12: 3
A13: 2 | B13: =$B$4+A13-1 -> 46311 | C13: =CHOOSE(WEEKDAY(B13),"일","월","화","수","목","금","토") -> 금 | D13: Git·화면 뼈대 | E13: git add/commit/push 익히기, base.html 상속 구조와 Bootstrap 레이아웃 | F13: 공통 뼈대 화면 | G13: 3
A14: 3 | B14: =$B$4+A14-1 -> 46312 | C14: =CHOOSE(WEEKDAY(B14),"일","월","화","수","목","금","토") -> 토 | D14: JS 기초 보강 | E14: DOM 선택·이벤트, 배열·객체 다루기, 간단한 입력 검사 | F14: 입력 폼에서 즉시 오류 표시 | G14: 4.5
A15: 4 | B15: =$B$4+A15-1 -> 46313 | C15: =CHOOSE(WEEKDAY(B15),"일","월","화","수","목","금","토") -> 일 | D15: fetch + JSON | E15: Flask가 JSON을 돌려주게 만들고 fetch로 받아 화면에 그리기 (async/await) | F15: 새로고침 없이 목록이 뜨는 화면 | G15: 4.5
A16: 5 | B16: =$B$4+A16-1 -> 46314 | C16: =CHOOSE(WEEKDAY(B16),"일","월","화","수","목","금","토") -> 월 | D16: DB 연결 | E16: SQLite 테이블 설계, repository 파일로 CRUD 분리 | F16: 재시작해도 데이터가 남는 목록 | G16: 3
A17: 6 | B17: =$B$4+A17-1 -> 46315 | C17: =CHOOSE(WEEKDAY(B17),"일","월","화","수","목","금","토") -> 화 | D17: CRUD 완성 | E17: 등록·수정·삭제를 GET/POST/PUT/DELETE로 연결, 상태 코드 확인 | F17: 완성된 CRUD 기능 | G17: 3
A18: 7 | B18: =$B$4+A18-1 -> 46316 | C18: =CHOOSE(WEEKDAY(B18),"일","월","화","수","목","금","토") -> 수 | D18: 1주차 점검 | E18: 코드 정리, README 작성, 주간 회고(처음부터 다시 만들어 보기) | F18: README + 회고 메모 | G18: 3
A19: 8 | B19: =$B$4+A19-1 -> 46317 | C19: =CHOOSE(WEEKDAY(B19),"일","월","화","수","목","금","토") -> 목 | D19: 회원가입·로그인 | E19: 비밀번호 해시(werkzeug.security), 세션으로 로그인·로그아웃 | F19: 회원가입→로그인 동작 | G19: 3
A20: 9 | B20: =$B$4+A20-1 -> 46318 | C20: =CHOOSE(WEEKDAY(B20),"일","월","화","수","목","금","토") -> 금 | D20: 권한·보안 | E20: 로그인한 사람만 수정·삭제, 환경변수로 키 분리, 입력 검사(pydantic) | F20: 내 데이터만 보이는 화면 | G20: 3
A21: 10 | B21: =$B$4+A21-1 -> 46319 | C21: =CHOOSE(WEEKDAY(B21),"일","월","화","수","목","금","토") -> 토 | D21: 화면 다듬기 | E21: 반응형(모바일 폭), 오류 페이지, 빈 상태 안내문 | F21: 휴대폰에서 보기 좋은 화면 | G21: 4.5
A22: 11 | B22: =$B$4+A22-1 -> 46320 | C22: =CHOOSE(WEEKDAY(B22),"일","월","화","수","목","금","토") -> 일 | D22: 앱처럼 만들기(PWA) | E22: manifest.json, 아이콘, Service Worker 기초 | F22: 홈 화면에 설치되는 웹 | G22: 4.5
A23: 12 | B23: =$B$4+A23-1 -> 46321 | C23: =CHOOSE(WEEKDAY(B23),"일","월","화","수","목","금","토") -> 월 | D23: 배포 | E23: Vercel 배포(또는 서버리스에 적합한 DB 선택), 환경변수 등록 | F23: 인터넷에서 열리는 주소 | G23: 3
... A25: 14 | B25: =$B$4+A25-1 -> 46323 | C25: =CHOOSE(WEEKDAY(B25),"일","월","화","수","목","금","토") -> 수 | D25: 마무리·다음 계획 | E25: README에 사용법 정리, 스크린샷 추가, 다음 학습 선택(React 또는 Flutter) | F25: 포트폴리오용 저장소 | G25: 3
A26: 합계 | G26: =SUM(G12:G25) -> 48 | H26: =SUM(H12:H25) -> 0
A28: 1주차(1~7일차): 로그인 있는 웹 서비스 만들기 / 2주차(8~14일차): 앱처럼 만들고 배포하기. 7일차 아래의 굵은 선이 주 구분입니다. 배포 시 Vercel에서는 SQLite 파일이 계속 보존되지 않을 수 있어 DB를 따로 붙이는 방식을 권장합니다(이 환경에서 실제 배포를 확인한 것은 아닙니다).

Sheet 집중 영역
A1: 더 집중해서 공부할 부분 (우선순위 순)
A2: 수업 예제 코드에서 "배운 것"과 "실제 서비스에 필요한 것"의 차이가 보인 곳 위주입니다.
A4: 순위 | B4: 영역 | C4: 왜 필요한가 | D4: 첫 실습 | E4: 스케줄의 일차
A5: 1 | B5: JavaScript 비동기 통신 (fetch, async/await, JSON) | C5: 화면을 새로고침하지 않고 서버와 데이터를 주고받는 부분. 웹과 앱 양쪽에서 가장 많이 쓰임. | D5: Flask가 JSON을 돌려주게 하고 fetch로 목록 그리기 | E5: 3~4
A6: 2 | B6: 로그인·회원 기능 | C6: 수업 예제의 로그인은 접속만 하면 로그인된 것으로 가정하는 단순한 형태. 실제로는 회원가입·비밀번호 해시·로그인 확인이 필요. | D6: werkzeug.security로 해시 저장, 세션 로그인 | E6: 8~9
A7: 3 | B7: DB 실전 사용 | C7: 메모리 딕셔너리 저장은 서버가 재시작되면 사라질 수 있음. SQLite/MySQL로 CRUD 구현 경험이 필요. | D7: SQLite 테이블 하나로 CRUD 만들기 | E7: 5~6
A8: 4 | B8: Git / GitHub | C8: 변경 기록 관리와 배포의 기본. 협업·포트폴리오에도 필수. | D8: 매일 커밋 1개 이상, README 작성 | E8: 1~2
A9: 5 | B9: 보안 기본기 | C9: 비밀 키·DB 비밀번호를 코드 밖(환경변수)에 두기, 입력 검사, 바인드 변수 사용. 수업 코드의 secret_key = "abc123!"가 대표적인 개선점. | D9: secret_key를 환경변수로 옮기기 | E9: 9
A10: 6 | B10: 반응형 화면과 PWA | C10: 앱을 만들고 싶을 때 가장 빠른 길. 기존 웹을 휴대폰 홈 화면에 설치되는 앱처럼 만들 수 있음. 네이티브 앱(Flutter, React Native)은 웹 완성 후 배워도 늦지 않음. | D10: manifest.json과 아이콘으로 홈 화면에 추가 | E10: 10~11
A12: 참고: 모델 예측을 웹에 붙이는 방법(joblib)은 이미 배웠으므로 복습만 하면 됩니다.

Sheet 공부법
A1: 효율적인 공부법
A3: 원칙 | B3: 이렇게 하세요
A4: 작은 프로젝트 하나를 끝까지 | B4: 이론을 먼저 다 보지 말고 만들다 막히는 지점에서 찾아봅니다. 주제는 하나만 정하세요(예: 일정·가계부·스터디 기록).
A5: 30분 개념, 나머지는 직접 코딩 | B5: 눈으로만 읽으면 거의 남지 않습니다. 하루의 대부분을 직접 쳐 보는 데 쓰세요.
A6: 가장 작은 예제부터 | B6: 새 기능마다 한 줄이라도 직접 쳐서 돌려 봅니다. 복사한 코드는 한 줄씩 설명할 수 있을 때만 씁니다.
A7: 에러 메시지를 먼저 읽기 | B7: 마지막 줄과 줄 번호를 봅니다. 안 풀리면 AI에게 에러 전문과 관련 코드를 함께 주고 묻고, 답은 이유까지 이해한 뒤 진행하세요.
A8: 하루 끝 5분 기록 | B8: "오늘 만든 것 / 막힌 것 / 내일 할 것" 3줄을 적고, 같은 내용을 GitHub 커밋 메시지로도 남깁니다. (아래 "일일 기록" 시트 사용)
A9: 일주일에 한 번 되돌아보기 | B9: 이번 주 코드를 설명 없이 다시 만들어 보면 이해한 부분과 못 한 부분이 드러납니다. (7일차, 14일차)

Sheet 일일 기록
A1: 하루 끝 5분 기록
A2: 날짜와 그날의 주제는 "2주 스케줄" 시트에서 자동으로 가져옵니다. 나머지 칸을 직접 적으세요.
A4: 일차 | B4: 날짜 | C4: 주제 | D4: 오늘 만든 것 | E4: 막힌 것 | F4: 내일 할 것 | G4: 이해도(1~5)
A5: ='2주 스케줄'!A12 -> 1 | B5: ='2주 스케줄'!B12 -> 46310 | C5: ='2주 스케줄'!D12 -> 기획·환경
A6: ='2주 스케줄'!A13 -> 2 | B6: ='2주 스케줄'!B13 -> 46311 | C6: ='2주 스케줄'!D13 -> Git·화면 뼈대
A7: ='2주 스케줄'!A14 -> 3 | B7: ='2주 스케줄'!B14 -> 46312 | C7: ='2주 스케줄'!D14 -> JS 기초 보강
A8: ='2주 스케줄'!A15 -> 4 | B8: ='2주 스케줄'!B15 -> 46313 | C8: ='2주 스케줄'!D15 -> fetch + JSON
A9: ='2주 스케줄'!A16 -> 5 | B9: ='2주 스케줄'!B16 -> 46314 | C9: ='2주 스케줄'!D16 -> DB 연결
A10: ='2주 스케줄'!A17 -> 6 | B10: ='2주 스케줄'!B17 -> 46315 | C10: ='2주 스케줄'!D17 -> CRUD 완성
A11: ='2주 스케줄'!A18 -> 7 | B11: ='2주 스케줄'!B18 -> 46316 | C11: ='2주 스케줄'!D18 -> 1주차 점검
A12: ='2주 스케줄'!A19 -> 8 | B12: ='2주 스케줄'!B19 -> 46317 | C12: ='2주 스케줄'!D19 -> 회원가입·로그인
A13: ='2주 스케줄'!A20 -> 9 | B13: ='2주 스케줄'!B20 -> 46318 | C13: ='2주 스케줄'!D20 -> 권한·보안
A14: ='2주 스케줄'!A21 -> 10 | B14: ='2주 스케줄'!B21 -> 46319 | C14: ='2주 스케줄'!D21 -> 화면 다듬기
A15: ='2주 스케줄'!A22 -> 11 | B15: ='2주 스케줄'!B22 -> 46320 | C15: ='2주 스케줄'!D22 -> 앱처럼 만들기(PWA)
A16: ='2주 스케줄'!A23 -> 12 | B16: ='2주 스케줄'!B23 -> 46321 | C16: ='2주 스케줄'!D23 -> 배포
... A18: ='2주 스케줄'!A25 -> 14 | B18: ='2주 스케줄'!B25 -> 46323 | C18: ='2주 스케줄'!D25 -> 마무리·다음 계획
F20: 평균 이해도 | G20: =IFERROR(AVERAGE(G5:G18),"-") -> -
